{"cameraMode":{"drawMode":0,"name":"Shaded","section":"Shading Mode"},"sceneLighting":true,"audioPlay":false,"sceneViewState":{"showFog":true,"showMaterialUpdate":false,"showSkybox":true,"showFlares":true,"showImageEffects":true,"showParticleSystems":true},"in2DMode":false,"pivot":{"x":-6.339278221130371,"y":-1.910112738609314,"z":16.405868530273439},"rotation":{"x":-0.07810627669095993,"y":-0.7469189763069153,"z":0.08916010707616806,"w":-0.6542964577674866},"size":13.64592456817627,"orthographic":false}