{"cameraMode":{"drawMode":0,"name":"Shaded","section":"Shading Mode"},"sceneLighting":true,"audioPlay":false,"sceneViewState":{"showFog":true,"showMaterialUpdate":false,"showSkybox":true,"showFlares":true,"showImageEffects":true,"showParticleSystems":true},"in2DMode":false,"pivot":{"x":412.4095153808594,"y":209.056884765625,"z":-285.72564697265627},"rotation":{"x":0.3546353876590729,"y":0.19155253469944,"z":-0.07447456568479538,"w":0.9121409058570862},"size":995.8497924804688,"orthographic":false}