{"cameraMode":{"drawMode":0,"name":"Shaded","section":"Shading Mode"},"sceneLighting":true,"audioPlay":false,"sceneViewState":{"showFog":true,"showMaterialUpdate":false,"showSkybox":true,"showFlares":true,"showImageEffects":true,"showParticleSystems":true},"in2DMode":false,"pivot":{"x":-19.21592903137207,"y":1.3836697340011597,"z":20.847274780273439},"rotation":{"x":-0.013886665925383568,"y":-0.9234129190444946,"z":0.033542219549417499,"w":-0.38215625286102297},"size":1.8232784271240235,"orthographic":false}