{"cameraMode":{"drawMode":0,"name":"Shaded","section":"Shading Mode"},"sceneLighting":true,"audioPlay":false,"sceneViewState":{"showFog":true,"showMaterialUpdate":false,"showSkybox":true,"showFlares":true,"showImageEffects":true,"showParticleSystems":true},"in2DMode":false,"pivot":{"x":-24.168010711669923,"y":4.981258392333984,"z":27.70829200744629},"rotation":{"x":-0.03418117016553879,"y":0.012302616611123085,"z":0.00042091766954399645,"w":0.9993441104888916},"size":4.852216720581055,"orthographic":false}