{"cameraMode":{"drawMode":0,"name":"Shaded","section":"Shading Mode"},"sceneLighting":true,"audioPlay":false,"sceneViewState":{"showFog":true,"showMaterialUpdate":false,"showSkybox":true,"showFlares":true,"showImageEffects":true,"showParticleSystems":true},"in2DMode":false,"pivot":{"x":-19.442096710205079,"y":1.2252388000488282,"z":15.830330848693848},"rotation":{"x":-0.023342177271842958,"y":0.9758220314979553,"z":0.13004426658153535,"w":0.17453785240650178},"size":2.424128770828247,"orthographic":false}