{"cameraMode":{"drawMode":0,"name":"Shaded","section":"Shading Mode"},"sceneLighting":true,"audioPlay":false,"sceneViewState":{"showFog":true,"showMaterialUpdate":false,"showSkybox":true,"showFlares":true,"showImageEffects":true,"showParticleSystems":true},"in2DMode":false,"pivot":{"x":-23.074766159057618,"y":2.1246352195739748,"z":24.335126876831056},"rotation":{"x":-0.09262210875749588,"y":-0.7132909893989563,"z":0.09601932764053345,"w":-0.688056468963623},"size":3.047847270965576,"orthographic":false}