{"cameraMode":{"drawMode":0,"name":"Shaded","section":"Shading Mode"},"sceneLighting":true,"audioPlay":false,"sceneViewState":{"showFog":true,"showMaterialUpdate":false,"showSkybox":true,"showFlares":true,"showImageEffects":true,"showParticleSystems":true},"in2DMode":false,"pivot":{"x":357.3666076660156,"y":518.2728881835938,"z":-548.7383422851563},"rotation":{"x":0.24284277856349946,"y":0.07295940816402435,"z":-0.01832585223019123,"w":0.9671750068664551},"size":406.091796875,"orthographic":false}