{"cameraMode":{"drawMode":0,"name":"Shaded","section":"Shading Mode"},"sceneLighting":true,"audioPlay":false,"sceneViewState":{"showFog":true,"showMaterialUpdate":false,"showSkybox":true,"showFlares":true,"showImageEffects":true,"showParticleSystems":true},"in2DMode":false,"pivot":{"x":217.31979370117188,"y":527.9306640625,"z":-17.23394775390625},"rotation":{"x":0.1864926666021347,"y":0.04713335260748863,"z":-0.008957317098975182,"w":0.9812874794006348},"size":789.0039672851563,"orthographic":false}