{"cameraMode":{"drawMode":0,"name":"Shaded","section":"Shading Mode"},"sceneLighting":true,"audioPlay":false,"sceneViewState":{"showFog":true,"showMaterialUpdate":false,"showSkybox":true,"showFlares":true,"showImageEffects":true,"showParticleSystems":true},"in2DMode":false,"pivot":{"x":-28.794769287109376,"y":2.558453321456909,"z":9.448655128479004},"rotation":{"x":-0.1603814661502838,"y":0.6786260008811951,"z":-0.15553759038448335,"w":-0.6997194290161133},"size":1.8232784271240235,"orthographic":false}