{"cameraMode":{"drawMode":0,"name":"Shaded","section":"Shading Mode"},"sceneLighting":true,"audioPlay":false,"sceneViewState":{"showFog":true,"showMaterialUpdate":false,"showSkybox":true,"showFlares":true,"showImageEffects":true,"showParticleSystems":true},"in2DMode":false,"pivot":{"x":-31.7171630859375,"y":0.43842509388923647,"z":29.129192352294923},"rotation":{"x":-0.08114846795797348,"y":-0.04274890571832657,"z":0.0035465697292238476,"w":-0.9958349466323853},"size":0.04068422317504883,"orthographic":false}